<?xml version="1.0" encoding="UTF-8"?>
<project-private xmlns="http://www.netbeans.org/ns/project-private/1">
    <editor-bookmarks xmlns="http://www.netbeans.org/ns/editor-bookmarks/2" lastBookmarkId="0"/>
    <open-files xmlns="http://www.netbeans.org/ns/projectui-open-files/2">
        <group>
            <file>file:/G:/Smart%20India%20Hackathon/Technogens_SIH/java/api/src/java/otp_validate.java</file>
            <file>file:/G:/Smart%20India%20Hackathon/Technogens_SIH/java/api/src/java/random_otp.java</file>
            <file>file:/G:/Smart%20India%20Hackathon/Technogens_SIH/java/api/src/java/request_otp.java</file>
            <file>file:/G:/Smart%20India%20Hackathon/Technogens_SIH/java/api/src/java/database_main.java</file>
            <file>file:/G:/Smart%20India%20Hackathon/Technogens_SIH/java/api/src/java/digi_lock_doc.java</file>
            <file>file:/G:/Smart%20India%20Hackathon/Technogens_SIH/java/api/src/java/verify_otp.java</file>
        </group>
    </open-files>
</project-private>
