<?xml version="1.0" encoding="UTF-8"?>
<project-private xmlns="http://www.netbeans.org/ns/project-private/1">
    <editor-bookmarks xmlns="http://www.netbeans.org/ns/editor-bookmarks/2" lastBookmarkId="0"/>
    <open-files xmlns="http://www.netbeans.org/ns/projectui-open-files/2">
        <group>
            <file>file:/G:/Smart%20India%20Hackathon/Technogens_SIH/java/api/src/java/get_doc_info.java</file>
            <file>file:/G:/Smart%20India%20Hackathon/Technogens_SIH/java/api/src/java/get_doc_list.java</file>
            <file>file:/G:/Smart%20India%20Hackathon/Technogens_SIH/java/api/src/java/status_getter.java</file>
            <file>file:/G:/Smart%20India%20Hackathon/Technogens_SIH/java/api/src/java/doc_verf_status.java</file>
        </group>
    </open-files>
</project-private>
